id,setsize,rsizeList,rsizeNPL,fcorrect,fother,fnpl,n
1,2,2,2,23,0,0,23
1,4,2,2,23,0,0,23
1,4,4,4,23,0,0,23
1,6,2,2,22,1,0,23
1,6,4,4,17,6,0,23
1,6,6,4,20,3,0,23
1,8,2,2,17,3,3,23
1,8,4,4,16,6,1,23
1,8,6,4,17,6,0,23
1,8,8,4,13,10,0,23
10,2,2,2,23,0,0,23
10,4,2,2,22,1,0,23
10,4,4,4,22,1,0,23
10,6,2,2,20,3,0,23
10,6,4,4,21,2,0,23
10,6,6,4,23,0,0,23
10,8,2,2,21,2,0,23
10,8,4,4,18,5,0,23
10,8,6,4,17,6,0,23
10,8,8,4,18,5,0,23
11,2,2,2,23,0,0,23
11,4,2,2,23,0,0,23
11,4,4,4,22,1,0,23
11,6,2,2,22,1,0,23
11,6,4,4,20,1,2,23
11,6,6,4,19,4,0,23
11,8,2,2,19,1,3,23
11,8,4,4,16,6,1,23
11,8,6,4,18,4,1,23
11,8,8,4,17,5,1,23
12,2,2,2,23,0,0,23
12,4,2,2,23,0,0,23
12,4,4,4,22,1,0,23
12,6,2,2,22,1,0,23
12,6,4,4,22,1,0,23
12,6,6,4,21,2,0,23
12,8,2,2,19,4,0,23
12,8,4,4,21,2,0,23
12,8,6,4,18,5,0,23
12,8,8,4,17,5,1,23
13,2,2,2,23,0,0,23
13,4,2,2,23,0,0,23
13,4,4,4,22,1,0,23
13,6,2,2,20,2,1,23
13,6,4,4,20,3,0,23
13,6,6,4,20,3,0,23
13,8,2,2,16,7,0,23
13,8,4,4,15,7,1,23
13,8,6,4,15,8,0,23
13,8,8,4,17,6,0,23
14,2,2,2,23,0,0,23
14,4,2,2,22,1,0,23
14,4,4,4,23,0,0,23
14,6,2,2,18,5,0,23
14,6,4,4,11,12,0,23
14,6,6,4,17,6,0,23
14,8,2,2,17,6,0,23
14,8,4,4,17,6,0,23
14,8,6,4,13,10,0,23
14,8,8,4,13,10,0,23
15,2,2,2,23,0,0,23
15,4,2,2,23,0,0,23
15,4,4,4,22,1,0,23
15,6,2,2,23,0,0,23
15,6,4,4,22,1,0,23
15,6,6,4,23,0,0,23
15,8,2,2,21,2,0,23
15,8,4,4,22,1,0,23
15,8,6,4,19,3,1,23
15,8,8,4,18,5,0,23
16,2,2,2,23,0,0,23
16,4,2,2,22,1,0,23
16,4,4,4,23,0,0,23
16,6,2,2,19,3,1,23
16,6,4,4,20,3,0,23
16,6,6,4,20,3,0,23
16,8,2,2,17,4,2,23
16,8,4,4,19,4,0,23
16,8,6,4,15,7,1,23
16,8,8,4,18,5,0,23
17,2,2,2,23,0,0,23
17,4,2,2,23,0,0,23
17,4,4,4,23,0,0,23
17,6,2,2,22,1,0,23
17,6,4,4,16,7,0,23
17,6,6,4,18,5,0,23
17,8,2,2,19,3,1,23
17,8,4,4,17,6,0,23
17,8,6,4,14,9,0,23
17,8,8,4,12,11,0,23
18,2,2,2,22,1,0,23
18,4,2,2,21,2,0,23
18,4,4,4,23,0,0,23
18,6,2,2,21,1,1,23
18,6,4,4,19,4,0,23
18,6,6,4,20,3,0,23
18,8,2,2,18,3,2,23
18,8,4,4,15,7,1,23
18,8,6,4,16,6,1,23
18,8,8,4,10,12,1,23
19,2,2,2,23,0,0,23
19,4,2,2,23,0,0,23
19,4,4,4,22,1,0,23
19,6,2,2,21,0,2,23
19,6,4,4,17,6,0,23
19,6,6,4,14,8,1,23
19,8,2,2,18,5,0,23
19,8,4,4,15,7,1,23
19,8,6,4,15,6,2,23
19,8,8,4,15,7,1,23
2,2,2,2,23,0,0,23
2,4,2,2,23,0,0,23
2,4,4,4,23,0,0,23
2,6,2,2,23,0,0,23
2,6,4,4,23,0,0,23
2,6,6,4,21,2,0,23
2,8,2,2,22,1,0,23
2,8,4,4,19,3,1,23
2,8,6,4,17,6,0,23
2,8,8,4,21,2,0,23
20,2,2,2,23,0,0,23
20,4,2,2,23,0,0,23
20,4,4,4,21,1,1,23
20,6,2,2,22,1,0,23
20,6,4,4,21,1,1,23
20,6,6,4,21,1,1,23
20,8,2,2,21,2,0,23
20,8,4,4,19,4,0,23
20,8,6,4,15,6,2,23
20,8,8,4,19,4,0,23
21,2,2,2,22,1,0,23
21,4,2,2,23,0,0,23
21,4,4,4,22,1,0,23
21,6,2,2,22,1,0,23
21,6,4,4,21,2,0,23
21,6,6,4,23,0,0,23
21,8,2,2,23,0,0,23
21,8,4,4,19,2,2,23
21,8,6,4,21,2,0,23
21,8,8,4,21,1,1,23
3,2,2,2,23,0,0,23
3,4,2,2,23,0,0,23
3,4,4,4,22,1,0,23
3,6,2,2,22,1,0,23
3,6,4,4,19,4,0,23
3,6,6,4,21,2,0,23
3,8,2,2,18,5,0,23
3,8,4,4,16,7,0,23
3,8,6,4,19,4,0,23
3,8,8,4,16,7,0,23
5,2,2,2,23,0,0,23
5,4,2,2,22,1,0,23
5,4,4,4,23,0,0,23
5,6,2,2,23,0,0,23
5,6,4,4,20,3,0,23
5,6,6,4,22,1,0,23
5,8,2,2,20,2,1,23
5,8,4,4,17,5,1,23
5,8,6,4,18,5,0,23
5,8,8,4,18,5,0,23
6,2,2,2,23,0,0,23
6,4,2,2,23,0,0,23
6,4,4,4,23,0,0,23
6,6,2,2,21,1,1,23
6,6,4,4,20,3,0,23
6,6,6,4,22,1,0,23
6,8,2,2,22,1,0,23
6,8,4,4,14,6,3,23
6,8,6,4,18,5,0,23
6,8,8,4,14,9,0,23
7,2,2,2,23,0,0,23
7,4,2,2,23,0,0,23
7,4,4,4,23,0,0,23
7,6,2,2,22,1,0,23
7,6,4,4,20,2,1,23
7,6,6,4,20,3,0,23
7,8,2,2,19,4,0,23
7,8,4,4,15,8,0,23
7,8,6,4,18,5,0,23
7,8,8,4,15,8,0,23
8,2,2,2,23,0,0,23
8,4,2,2,21,2,0,23
8,4,4,4,20,3,0,23
8,6,2,2,22,1,0,23
8,6,4,4,16,7,0,23
8,6,6,4,16,6,1,23
8,8,2,2,17,5,1,23
8,8,4,4,15,6,2,23
8,8,6,4,10,12,1,23
8,8,8,4,13,9,1,23
9,2,2,2,23,0,0,23
9,4,2,2,23,0,0,23
9,4,4,4,22,1,0,23
9,6,2,2,22,0,1,23
9,6,4,4,19,3,1,23
9,6,6,4,20,3,0,23
9,8,2,2,18,4,1,23
9,8,4,4,14,3,6,23
9,8,6,4,15,8,0,23
9,8,8,4,14,9,0,23
